name,team,role,CS@15,CSAdvantage@15,assists,creepScore,damagesToChampions,damagesToTurrets,deaths,gameDuration,gold,gold@15,goldAdvantage@15,kills,rotationScore,teamDamagesToChampions,teamDamagesToTurrets,teamGold,teamKills,visionScore,championDamagesPart,turretDamagesPart,KP,KDA
Ambition,GEN,Jungler,87.0,-16.0,3.0,155.0,9018.0,1758.0,1.0,2091.0,9651.0,4934.0,-385.0,2.0,27721.629059509054,43473.0,8047.0,56177.0,6.0,45.0,0.20743910013111586,0.21846650925810862,0.8333333333333334,5.0
AnDa,100,Jungler,82.0,-1.3333333333333333,5.166666666666667,150.0,10903.0,2361.8333333333335,2.8333333333333335,1810.1666666666667,10553.333333333334,4957.333333333333,-101.5,4.833333333333333,42966.64473792138,53414.166666666664,10672.333333333334,51642.5,12.333333333333334,45.0,0.19563197161820856,0.19481822709969823,0.7114293382409325,3.5294117647058822
Arce,INF,Support,22.125,-3.875,7.875,60.75,4398.0,525.25,3.0,2051.625,8330.875,3231.125,-188.75,0.375,20713.020397016244,63539.375,11696.5,57840.625,10.75,81.125,0.06820414239041354,0.03524206116762331,0.8028273809523809,2.75
Attila,VIT,ADC,138.0,5.0,5.0,379.5,19667.333333333332,6529.5,1.6666666666666667,2205.8333333333335,16862.5,5649.833333333333,70.5,4.0,21056.69796222074,59985.5,13797.166666666666,65466.333333333336,11.833333333333334,70.33333333333333,0.3124891623927886,0.45016688424489626,0.7664453601953602,5.4
Baolan,IG,Support,21.933333333333334,1.4,9.266666666666667,45.53333333333333,4570.0,785.0,1.7333333333333334,1823.0666666666666,7745.0,3304.0,88.93333333333334,0.9333333333333333,20940.256127345667,63423.8,16317.4,57907.26666666667,14.666666666666666,72.8,0.07398130431123144,0.047414294343958364,0.6780812161694514,5.884615384615385
Benny,MAD,Jungler,93.0,1.0,1.5,136.5,3922.0,649.5,3.0,1747.5,8285.0,5333.0,236.0,1.5,40504.378468116585,40796.0,5472.0,45868.0,5.0,36.0,0.1018919187472222,0.10425361155698235,0.625,1.0
Betty,FW,ADC,133.28571428571428,-7.714285714285714,5.142857142857143,355.7142857142857,20326.571428571428,6244.571428571428,1.4285714285714286,2148.5714285714284,15361.42857142857,5134.428571428572,-284.57142857142856,3.857142857142857,12858.638484442125,61106.142857142855,9994.714285714286,61015.857142857145,12.142857142857142,50.285714285714285,0.32651628622859014,0.5180276070927663,0.7742257742257743,6.3
BigKoro,PVB,ADC,138.33333333333334,-3.3333333333333335,3.0,346.6666666666667,18351.666666666668,5438.833333333333,2.6666666666666665,2112.0,15125.0,5550.5,-45.833333333333336,3.3333333333333335,14340.838080251327,65667.16666666667,11473.666666666666,61951.333333333336,9.333333333333334,57.5,0.27308511866818824,0.4778844358059649,0.5884661835748792,2.375
BioPanther,DW,Toplaner,125.5,1.5,2.0,264.5,9707.0,538.75,2.0,1898.0,10903.0,4697.75,-461.25,1.5,20392.330545725777,49219.5,7500.25,53190.75,7.75,35.25,0.19132948940249028,0.04093532439256431,0.4671855921855922,1.75
Blaber,C9,Jungler,90.0,-1.8571428571428572,5.285714285714286,187.85714285714286,10590.714285714286,2389.5714285714284,2.857142857142857,1994.2857142857142,12012.0,5179.571428571428,384.2857142857143,3.4285714285714284,38201.25200174763,64074.42857142857,16417.14285714286,60609.71428571428,12.0,54.42857142857143,0.16303477703341376,0.13652696357505353,0.7748997034711321,3.05
Breeze,MAD,ADC,137.33333333333334,-20.5,1.3333333333333333,339.0,20005.166666666668,538.6666666666666,3.0,2036.0,13049.833333333334,5065.0,-771.6666666666666,1.1666666666666667,15137.740622674493,54097.333333333336,2661.1666666666665,52094.833333333336,5.333333333333333,33.333333333333336,0.3154614561320926,0.4108279320870304,0.5119047619047619,0.8333333333333334
Broxah,FNC,Jungler,87.92857142857143,4.5,6.785714285714286,161.35714285714286,8803.0,2036.5,1.1428571428571428,1831.7857142857142,11346.214285714286,5241.857142857143,458.7142857142857,4.0,34405.019631427145,60627.642857142855,17030.714285714286,58644.857142857145,15.214285714285714,39.92857142857143,0.14680970412941227,0.11549089366929448,0.7293018489447061,9.4375
Bwipo,FNC,Toplaner,124.36363636363636,8.636363636363637,6.2727272727272725,248.9090909090909,16966.363636363636,3821.181818181818,2.3636363636363638,1858.090909090909,12387.363636363636,5277.090909090909,533.5454545454545,2.8181818181818183,18431.953964430275,63664.818181818184,17682.272727272728,59968.454545454544,15.818181818181818,34.72727272727273,0.26979217533566874,0.218824339820471,0.5921749546749546,3.8461538461538463
Cabochard,VIT,Toplaner,136.83333333333334,8.166666666666666,4.833333333333333,306.1666666666667,10353.333333333334,2013.3333333333333,1.3333333333333333,2205.8333333333335,13629.166666666666,5428.5,407.6666666666667,2.0,23964.51604325045,59985.5,13797.166666666666,65466.333333333336,11.833333333333334,40.833333333333336,0.1822830864571793,0.1461256766890176,0.5470314407814407,5.125
Candy,GRX,Midlaner,137.85714285714286,2.7142857142857144,5.428571428571429,269.57142857142856,12647.714285714286,2276.8571428571427,2.5714285714285716,1871.7857142857142,11843.142857142857,5279.071428571428,79.85714285714286,2.7142857142857144,13344.986494384057,56269.142857142855,10254.642857142857,53271.642857142855,12.642857142857142,30.571428571428573,0.22951193288184327,0.16636650199616912,0.6456962170833246,3.1666666666666665
Caps,FNC,Midlaner,126.78571428571429,-3.7142857142857144,5.714285714285714,259.42857142857144,13054.57142857143,2718.785714285714,2.357142857142857,1831.7857142857142,12914.142857142857,5227.0,16.785714285714285,4.5,18591.618131133648,60627.642857142855,17030.714285714286,58644.857142857145,15.214285714285714,39.07142857142857,0.21268986518879532,0.1596378396108713,0.6883874062445491,4.333333333333333
Ceros,DFM,Midlaner,129.75,-9.125,4.0,249.375,14963.25,2562.625,3.0,1875.875,10815.625,4894.875,-688.25,1.25,11421.9435901746,55787.0,10575.5,51690.0,8.375,28.625,0.27805155518846764,0.16261982764944485,0.5654411764705882,1.75
Clearlove,EDG,Jungler,81.16666666666667,-6.333333333333333,5.333333333333333,140.66666666666666,4562.833333333333,1235.6666666666667,0.8333333333333334,1703.5,9561.0,4863.333333333333,123.66666666666667,2.1666666666666665,36652.54797370087,44967.5,14713.5,55197.5,14.166666666666666,42.0,0.10069818121567313,0.07184834094753771,0.462310606060606,9.0
CoreJJ,GEN,Support,16.666666666666668,-2.3333333333333335,4.333333333333333,47.0,3948.0,398.3333333333333,2.0,1983.8333333333333,7555.0,3305.1666666666665,142.33333333333334,1.3333333333333333,22712.26904160085,49059.666666666664,7068.333333333333,54596.5,8.5,81.5,0.08107783356611815,0.049989324655233924,0.5885521885521886,2.8333333333333335
Cotopaco,INF,Midlaner,123.5,-15.875,4.875,279.0,17742.375,2179.125,3.5,2051.625,12847.125,5201.25,-316.125,2.875,13085.888929089859,63539.375,11696.5,57840.625,10.75,36.125,0.28185892897787274,0.1792363146779556,0.6526785714285714,2.2142857142857144
Crown,GEN,Midlaner,131.83333333333334,-12.833333333333334,4.666666666666667,291.6666666666667,12999.166666666666,588.1666666666666,3.3333333333333335,1983.8333333333333,11817.333333333334,5093.333333333333,-364.0,1.6666666666666667,8729.355267831208,49059.666666666664,7068.333333333333,54596.5,8.5,40.666666666666664,0.26140858826665697,0.07492417319913972,0.7267676767676767,1.9
CuVee,GEN,Toplaner,116.83333333333333,-24.166666666666668,2.3333333333333335,282.1666666666667,10017.666666666666,2222.6666666666665,2.5,1983.8333333333333,11779.5,4813.833333333333,-882.0,2.0,18955.564043024635,49059.666666666664,7068.333333333333,54596.5,8.5,43.5,0.19906419272863252,0.34197024135956866,0.5313131313131313,1.7333333333333334
Cupcake,DW,Support,26.5,3.75,4.75,72.5,4451.25,141.0,2.0,1898.0,8099.0,3348.75,61.25,0.75,20940.908101061646,49219.5,7500.25,53190.75,7.75,69.25,0.09518581834937936,0.028369576640372582,0.6796398046398047,2.75
Deft,KT,ADC,142.36363636363637,6.454545454545454,4.181818181818182,341.3636363636364,17179.0,6756.545454545455,1.4545454545454546,1951.4545454545455,14623.545454545454,5746.363636363636,481.72727272727275,3.6363636363636362,19289.3222040397,50830.90909090909,15138.09090909091,57736.36363636364,10.818181818181818,39.18181818181818,0.33031196401958945,0.3715808550742316,0.7291597291597292,5.375
Diamondprox,GMB,Jungler,83.44444444444444,-4.222222222222222,5.444444444444445,161.33333333333334,9554.0,1966.0,3.111111111111111,1857.4444444444443,9911.333333333334,4734.666666666667,-286.1111111111111,2.111111111111111,34280.40263390114,56953.77777777778,10051.666666666666,51472.88888888889,10.555555555555555,44.22222222222222,0.17505415053542245,0.19059028445221707,0.7469873989481832,2.4285714285714284
Doublelift,TL,ADC,141.0,-1.0,3.0,355.3333333333333,15224.333333333334,7556.166666666667,0.8333333333333334,1919.8333333333333,14350.333333333334,5296.0,-78.5,2.8333333333333335,15142.2640611148,46702.333333333336,14820.833333333334,57015.666666666664,8.5,53.333333333333336,0.31862802953966235,0.5479553972497304,0.6775641025641025,7.0
Duke,IG,Toplaner,141.8,12.8,3.6,264.6,8930.4,2204.0,1.6,1837.0,11443.6,5311.4,152.8,2.4,12419.582024871404,53326.8,12056.8,54906.6,12.4,27.8,0.17373921310447343,0.18324572572793207,0.3970695970695971,3.75
Edward,GMB,Support,16.555555555555557,1.4444444444444444,6.777777777777778,41.111111111111114,4476.333333333333,521.5555555555555,3.0,1857.4444444444443,7394.555555555556,3231.4444444444443,-32.22222222222222,0.8888888888888888,19720.81515591472,56953.77777777778,10051.666666666666,51472.88888888889,10.555555555555555,76.33333333333333,0.0791300252118042,0.05757174666114151,0.6810297908337124,2.5555555555555554
Empt2y,GRX,Jungler,80.0,-6.2727272727272725,7.0,143.45454545454547,6595.545454545455,887.6363636363636,2.1818181818181817,1889.0,10005.727272727272,4686.181818181818,-409.72727272727275,2.3636363636363638,37745.99667829251,57464.63636363636,12409.818181818182,55326.72727272727,14.363636363636363,39.63636363636363,0.11600654568582786,0.061657203312534596,0.6052235647049888,4.291666666666667
Evi,DFM,Toplaner,116.5,-8.375,4.5,234.625,12957.875,1653.375,2.75,1875.875,10885.625,4751.375,-480.75,1.75,23681.977384868012,55787.0,10575.5,51690.0,8.375,32.25,0.23405205560206663,0.19024114575385315,0.6862745098039216,2.272727272727273
Fix,KLG,ADC,129.25,-7.75,2.0,266.5,11630.75,1101.25,3.25,1809.5,11519.5,5251.25,-571.25,1.75,9915.144145748105,47820.5,4573.5,48630.0,8.0,25.25,0.2502944682390108,0.3276279429323188,0.5634469696969697,1.1538461538461537
G4,ASC,Midlaner,127.25,-6.0,3.0,242.0,14961.5,773.5,2.75,1652.0,10292.25,5496.5,73.25,3.25,21362.619727018628,39577.25,2669.5,43015.75,7.25,33.25,0.3824808217163526,0.31944411479517226,0.8809523809523809,2.272727272727273
GBM,SUP,Midlaner,135.55555555555554,-7.555555555555555,5.666666666666667,275.0,14078.555555555555,2264.222222222222,2.3333333333333335,1961.2222222222222,12348.333333333334,5101.0,-427.22222222222223,2.6666666666666665,14233.097567139821,57134.333333333336,12031.222222222223,56484.666666666664,10.555555555555555,31.444444444444443,0.24671995468574748,0.1658789789003593,0.7871320037986703,3.5714285714285716
Hanabi,FW,Toplaner,132.71428571428572,-11.714285714285714,4.571428571428571,281.42857142857144,10283.57142857143,1077.0,2.2857142857142856,2148.5714285714284,12250.857142857143,5011.428571428572,-425.85714285714283,1.5714285714285714,34374.38012708347,61106.142857142855,9994.714285714286,61015.857142857145,12.142857142857142,51.857142857142854,0.1944626938309574,0.06605748325553144,0.4372175443604015,2.6875
Haro,EDG,Jungler,81.63636363636364,-2.727272727272727,6.636363636363637,169.0,8678.09090909091,1911.2727272727273,2.0,2016.2727272727273,11309.272727272728,4873.0,-71.27272727272727,3.0,34296.15707227605,62736.72727272727,11307.363636363636,61046.72727272727,15.272727272727273,53.72727272727273,0.1458328815138431,0.1904459505082029,0.6373917035972372,4.818181818181818
Haru,GEN,Jungler,102.0,15.0,4.0,173.6,8610.4,530.0,2.2,1962.4,10437.2,5065.0,-49.2,2.0,51993.88381935474,50177.0,6872.6,54280.4,9.0,40.0,0.1815259116453521,0.07880400581877796,0.6373737373737374,2.727272727272727
Hjarnan,G2,ADC,142.83333333333334,-0.625,4.75,345.1666666666667,17842.291666666668,6237.583333333333,1.2916666666666667,2032.7916666666667,14952.583333333334,5475.291666666667,-44.041666666666664,3.4166666666666665,14977.387217668003,63335.333333333336,14191.0,62141.083333333336,12.375,38.541666666666664,0.27430411451693876,0.4481641447815072,0.6711294086401353,6.32258064516129
Hylissang,FNC,Support,15.642857142857142,-4.0,10.071428571428571,34.57142857142857,5284.0,785.3571428571429,2.357142857142857,1831.7857142857142,7978.285714285715,3287.5,71.42857142857143,0.42857142857142855,24886.45893438698,60627.642857142855,17030.714285714286,58644.857142857145,15.214285714285714,63.57142857142857,0.08605005305780289,0.05145220891780238,0.6927750159893017,4.454545454545454
Impact,TL,Toplaner,127.83333333333333,3.0,4.333333333333333,258.8333333333333,9483.166666666666,1961.8333333333333,1.5,1919.8333333333333,11392.166666666666,4833.166666666667,42.333333333333336,1.1666666666666667,25524.14675536645,46702.333333333336,14820.833333333334,57015.666666666664,8.5,30.666666666666668,0.21820231630913486,0.10115249892923338,0.6213675213675214,3.6666666666666665
JackeyLove,IG,ADC,145.66666666666666,5.2,5.266666666666667,309.0,17416.666666666668,6208.333333333333,2.2666666666666666,1823.0666666666666,13840.066666666668,5598.6,222.33333333333334,4.466666666666667,14778.023717243112,63423.8,16317.4,57907.26666666667,14.666666666666666,39.666666666666664,0.2782824866165387,0.3788803791626234,0.6186245998010704,4.294117647058823
Jactroll,VIT,Support,21.166666666666668,3.0,8.166666666666666,53.833333333333336,4926.5,377.5,4.5,2205.8333333333335,8355.0,3110.5,-342.5,0.16666666666666666,25025.139976808812,59985.5,13797.166666666666,65466.333333333336,11.833333333333334,79.33333333333333,0.08782961788856854,0.04403170101831954,0.6890949328449328,1.8518518518518519
Jankos,G2,Jungler,86.79166666666667,-1.3333333333333333,6.208333333333333,170.20833333333334,9200.458333333334,1507.8333333333333,2.125,2032.7916666666667,11049.208333333334,4856.958333333333,8.208333333333334,2.1666666666666665,38746.550875482695,63335.333333333336,14191.0,62141.083333333336,12.375,59.958333333333336,0.15004603656292662,0.08306132359656078,0.7097559090837122,3.9411764705882355
Jensen,C9,Midlaner,139.6818181818182,9.818181818181818,5.954545454545454,299.1363636363636,15512.09090909091,2848.409090909091,2.227272727272727,1951.090909090909,13159.227272727272,5282.954545454545,138.13636363636363,3.227272727272727,11891.39582436306,61538.818181818184,13739.59090909091,59090.09090909091,12.818181818181818,32.27272727272727,0.253727933961188,0.19263742812140505,0.7111259053983512,4.122448979591836
Jiizuke,VIT,Midlaner,136.66666666666666,0.6666666666666666,4.666666666666667,338.8333333333333,17009.833333333332,3695.1666666666665,2.5,2205.8333333333335,14921.166666666666,5179.0,-98.0,3.3333333333333335,10884.2751262718,59985.5,13797.166666666666,65466.333333333336,11.833333333333334,41.0,0.2773546904259124,0.24357659527252898,0.676419413919414,3.2
K,MAD,Support,16.166666666666668,-6.333333333333333,2.8333333333333335,36.833333333333336,2931.3333333333335,12.166666666666666,2.8333333333333335,2036.0,6705.0,3077.8333333333335,-64.5,0.16666666666666666,23053.13405385172,54097.333333333336,2661.1666666666665,52094.833333333336,5.333333333333333,90.5,0.06527837977600574,0.0037597857437165223,0.6468253968253969,1.0588235294117647
Karsa,RNG,Jungler,86.0,0.8888888888888888,4.0,151.11111111111111,7282.666666666667,1855.7777777777778,2.0,1828.111111111111,9843.444444444445,4784.777777777777,57.0,2.111111111111111,39162.107397397835,42396.333333333336,14730.333333333334,52852.11111111111,8.555555555555555,46.77777777777778,0.17114344175314916,0.11424371175691664,0.7575392109705834,3.0555555555555554
Kiin,AFs,Toplaner,134.66666666666666,5.888888888888889,4.111111111111111,321.44444444444446,15062.111111111111,3479.1111111111113,2.111111111111111,2021.111111111111,13428.666666666666,5393.777777777777,320.3333333333333,1.7777777777777777,18330.135628543274,50320.88888888889,12449.777777777777,58186.22222222222,9.0,40.111111111111114,0.2982877247712581,0.28733647867661616,0.728114478114478,2.789473684210526
Kikis,VIT,Jungler,88.0,2.1666666666666665,6.833333333333333,179.16666666666666,8028.5,1181.6666666666667,4.166666666666667,2205.8333333333335,11698.5,4784.0,-217.83333333333334,2.3333333333333335,33482.32763738034,59985.5,13797.166666666666,65466.333333333336,11.833333333333334,48.5,0.14004344283555112,0.11609914277523754,0.7432615995115995,2.2
Kira,GMB,Midlaner,122.55555555555556,-13.333333333333334,4.111111111111111,251.11111111111111,16225.444444444445,1804.4444444444443,2.3333333333333335,1857.4444444444443,11410.555555555555,5000.222222222223,-220.33333333333334,3.0,15227.689788498667,56953.77777777778,10051.666666666666,51472.88888888889,10.555555555555555,41.22222222222222,0.29214499698292795,0.32960711819239374,0.6856963298139769,3.0476190476190474
Koala,GRX,Support,15.571428571428571,-1.5714285714285714,7.214285714285714,34.142857142857146,6224.071428571428,655.8571428571429,3.5,1871.7857142857142,7383.0,3245.0,-98.85714285714286,1.5,18662.437777268427,56269.142857142855,10254.642857142857,53271.642857142855,12.642857142857142,74.14285714285714,0.10846116140410447,0.048810825433987785,0.6717621697801928,2.489795918367347
Kongyue,MAD,Jungler,88.5,5.0,3.5,163.75,7713.75,8.75,3.25,2180.25,9892.5,4851.0,85.25,1.25,32350.235273936152,60748.0,1255.75,55208.25,5.5,57.25,0.1327614688046739,0.0036052740008240625,0.9226190476190477,1.4615384615384615
Kramer,AFs,ADC,138.55555555555554,-7.555555555555555,3.2222222222222223,353.8888888888889,14026.777777777777,5480.333333333333,1.5555555555555556,2021.111111111111,14643.555555555555,5419.888888888889,-177.88888888888889,3.2222222222222223,14963.135872659697,50320.88888888889,12449.777777777777,58186.22222222222,9.0,50.666666666666664,0.2702632610385333,0.4463174157392829,0.6992845117845118,4.142857142857143
Kuro,AFs,Midlaner,132.22222222222223,-15.333333333333334,2.7777777777777777,306.6666666666667,11457.222222222223,1555.4444444444443,1.4444444444444444,2021.111111111111,12747.555555555555,5152.333333333333,-279.6666666666667,2.888888888888889,13627.420456420563,50320.88888888889,12449.777777777777,58186.22222222222,9.0,45.888888888888886,0.23152637982637037,0.1074667378852035,0.5860690235690237,3.923076923076923
Letme,RNG,Toplaner,132.08333333333334,1.0,4.25,245.91666666666666,10221.916666666666,1449.25,1.9166666666666667,1874.3333333333333,10802.666666666666,5027.916666666667,-18.416666666666668,1.3333333333333333,21282.11049891183,51838.666666666664,13926.75,54413.333333333336,10.083333333333334,31.666666666666668,0.20309258448837508,0.09570034951442148,0.605203079371036,2.9130434782608696
Liang,MAD,Toplaner,121.66666666666667,-3.8333333333333335,1.1666666666666667,266.1666666666667,12322.0,1131.1666666666667,3.8333333333333335,2036.0,11204.0,4923.666666666667,-30.666666666666668,1.6666666666666667,28999.15714113804,54097.333333333336,2661.1666666666665,52094.833333333336,5.333333333333333,39.166666666666664,0.2376351939378291,0.2963034021128962,0.42063492063492064,0.7391304347826086
Licorice,C9,Toplaner,126.86363636363636,2.6363636363636362,5.681818181818182,272.72727272727275,12097.818181818182,1397.2727272727273,2.3636363636363638,1951.090909090909,12240.09090909091,5084.681818181818,-48.04545454545455,2.272727272727273,23438.461269271636,61538.818181818184,13739.59090909091,59090.09090909091,12.818181818181818,37.86363636363637,0.19836801124583142,0.12726892568939555,0.5973174464854031,3.3653846153846154
Lloyd,ASC,Jungler,81.5,-3.25,4.25,140.75,5271.75,399.75,3.75,1652.0,8222.0,4664.5,-526.5,0.75,40280.7440593207,39577.25,2669.5,43015.75,7.25,38.75,0.13406840015327193,0.1377825753118674,0.7073412698412698,1.3333333333333333
Lodik,GMB,ADC,133.22222222222223,-1.7777777777777777,4.777777777777778,276.3333333333333,14702.777777777777,4503.555555555556,1.6666666666666667,1857.4444444444443,12104.222222222223,5219.0,-352.55555555555554,2.6666666666666665,11215.373800830765,56953.77777777778,10051.666666666666,51472.88888888889,10.555555555555555,34.666666666666664,0.2502887715448384,0.33531202641541813,0.6428385884268236,4.466666666666667
Maple,FW,Midlaner,130.71428571428572,-12.0,4.142857142857143,306.57142857142856,12922.285714285714,1131.0,1.5714285714285714,2148.5714285714284,13209.57142857143,5164.0,-267.85714285714283,3.142857142857143,24363.482768438425,61106.142857142855,9994.714285714286,61015.857142857145,12.142857142857142,41.714285714285715,0.20576024418057784,0.2664526154556259,0.6824485038770752,4.636363636363637
Mata,KT,Support,21.636363636363637,9.090909090909092,7.636363636363637,52.27272727272727,3816.6363636363635,640.0,2.090909090909091,1951.4545454545455,7832.909090909091,3228.0,-10.818181818181818,0.45454545454545453,22709.65687647644,50830.90909090909,15138.09090909091,57736.36363636364,10.818181818181818,85.0909090909091,0.07887007368515218,0.03457631557827951,0.7432706182706184,3.869565217391304
Meiko,EDG,Support,16.11764705882353,-2.7058823529411766,8.882352941176471,42.470588235294116,5588.058823529412,866.1176470588235,1.8823529411764706,1905.8823529411766,8247.176470588236,3314.4117647058824,16.88235294117647,0.9411764705882353,23063.688797274684,56465.23529411765,12509.529411764706,58982.294117647056,14.882352941176471,72.94117647058823,0.10440054202308173,0.06017543723203267,0.6789851843240591,5.21875
Meliodas,PVB,Jungler,93.8,5.8,4.0,179.0,7001.6,932.0,1.8,2031.0,10395.6,4950.6,-26.4,0.8,42465.26648347387,52403.4,9834.8,57121.4,6.6,57.0,0.13410049735473675,0.09280739358654544,0.7125,2.6666666666666665
Ming,RNG,Support,11.666666666666666,-5.083333333333333,6.5,27.916666666666668,5092.583333333333,992.75,2.4166666666666665,1874.3333333333333,7218.916666666667,3179.75,82.41666666666667,0.5833333333333334,24377.370104110825,51838.666666666664,13926.75,54413.333333333336,10.083333333333334,79.16666666666667,0.10198737171589113,0.10410504698748702,0.7204207041668341,2.9310344827586206
Mlxg,RNG,Jungler,86.0,-5.333333333333333,5.0,155.33333333333334,10182.666666666666,2630.3333333333335,4.333333333333333,2013.0,11347.666666666666,5171.666666666667,246.0,4.333333333333333,37154.37050884771,80165.66666666667,11516.0,59097.0,14.666666666666666,36.333333333333336,0.1399050472894989,0.2144720961542034,0.6812865497076023,2.1538461538461537
Moojin,FW,Jungler,85.71428571428571,-9.571428571428571,5.571428571428571,182.42857142857142,13257.714285714286,1005.4285714285714,1.4285714285714286,2148.5714285714284,11854.0,5072.571428571428,114.28571428571429,3.2857142857142856,50920.26659361598,61106.142857142855,9994.714285714286,61015.857142857145,12.142857142857142,47.142857142857146,0.19939614819235385,0.08458750026901185,0.7562080776366491,6.2
Mowgli,AFs,Jungler,80.0,-19.0,5.0,128.0,5310.0,1814.5,1.5,1686.0,8760.0,4778.0,-466.0,1.5,42819.92356507928,45289.5,16065.0,52975.5,11.5,49.0,0.12203650970910346,0.12777934718746312,0.5568181818181819,4.333333333333333
Nate,KLG,Toplaner,134.75,17.0,2.25,254.0,12752.75,2688.5,3.0,1809.5,11100.5,5397.25,381.25,2.5,35027.940425992485,47820.5,4573.5,48630.0,8.0,31.25,0.2654754175543309,0.45470939835870594,0.45596590909090906,1.5833333333333333
Naul,PVB,Midlaner,139.33333333333334,7.5,3.5,296.1666666666667,13997.833333333334,912.1666666666666,2.3333333333333335,2112.0,12930.0,5334.5,106.0,2.3333333333333335,17094.467321087617,65667.16666666667,11473.666666666666,61951.333333333336,9.333333333333334,53.166666666666664,0.21276586079761217,0.046341798904737934,0.6677234299516908,2.5
Niksar,ASC,ADC,118.75,-34.25,2.5,223.5,7997.75,690.0,2.75,1652.0,9159.25,4840.25,-1280.75,1.5,16181.287155709842,39577.25,2669.5,43015.75,7.25,26.0,0.20279189205832004,0.38313096965406856,0.5267857142857143,1.4545454545454546
Ning,IG,Jungler,84.13333333333334,0.26666666666666666,7.866666666666666,164.06666666666666,9789.266666666666,2641.2,2.3333333333333335,1823.0666666666666,10937.4,5000.333333333333,57.93333333333333,2.533333333333333,39275.002306122755,63423.8,16317.4,57907.26666666667,14.666666666666666,43.6,0.1501766238848671,0.15989288394974369,0.6742622029386734,4.457142857142857
Olleh,TL,Support,17.333333333333332,-3.6666666666666665,6.0,41.5,3685.6666666666665,692.1666666666666,2.5,1919.8333333333333,7866.333333333333,3332.1666666666665,213.83333333333334,0.6666666666666666,18642.634219848762,46702.333333333336,14820.833333333334,57015.666666666664,8.5,85.33333333333333,0.07991646575174054,0.0462532460046321,0.7626068376068377,2.6666666666666665
PK,GRX,Toplaner,120.14285714285714,-8.214285714285714,6.285714285714286,226.85714285714286,11661.57142857143,892.8571428571429,2.642857142857143,1871.7857142857142,10665.285714285714,4806.5,-394.07142857142856,1.6428571428571428,21019.94403578777,56269.142857142855,10254.642857142857,53271.642857142855,12.642857142857142,33.142857142857146,0.21331663101213144,0.1788981359754365,0.6281681093490027,3.0
PVPStejos,GMB,Toplaner,113.77777777777777,-14.777777777777779,4.666666666666667,225.44444444444446,11995.222222222223,1256.111111111111,2.4444444444444446,1857.4444444444443,10652.222222222223,4824.222222222223,-302.3333333333333,1.8888888888888888,29807.659371430385,56953.77777777778,10051.666666666666,51472.88888888889,10.555555555555555,30.22222222222222,0.20338205572500703,0.08691882427882958,0.6298181665828725,2.6818181818181817
Palette,PVB,Support,18.666666666666668,-1.8333333333333333,6.333333333333333,48.666666666666664,5954.833333333333,426.3333333333333,3.8333333333333335,2112.0,8330.666666666666,3233.1666666666665,31.166666666666668,0.3333333333333333,30876.009727208246,65667.16666666667,11473.666666666666,61951.333333333336,9.333333333333334,92.33333333333333,0.09556577180624898,0.03330960999198699,0.6714975845410628,1.7391304347826086
Perkz,G2,Midlaner,143.79166666666666,13.75,4.916666666666667,321.2916666666667,17003.416666666668,2850.0416666666665,2.5833333333333335,2032.7916666666667,13872.166666666666,5468.291666666667,284.1666666666667,3.1666666666666665,14176.63953631991,63335.333333333336,14191.0,62141.083333333336,12.375,39.916666666666664,0.26683225738305066,0.23267555310150553,0.597274301017865,3.129032258064516
Plugo,KLG,Midlaner,122.25,-0.75,2.25,240.0,12219.0,449.0,3.25,1809.5,10270.0,4939.5,-99.75,2.0,25045.82476938171,47820.5,4573.5,48630.0,8.0,31.75,0.23919103269696382,0.14242030415775953,0.6349431818181819,1.3076923076923077
Pobelter,TL,Midlaner,145.83333333333334,-2.1666666666666665,3.1666666666666665,303.6666666666667,10910.166666666666,4100.5,2.5,1919.8333333333333,12708.166666666666,5466.166666666667,-75.16666666666667,2.1666666666666665,15769.138866301206,46702.333333333336,14820.833333333334,57015.666666666664,8.5,43.833333333333336,0.22311042678061244,0.2695334680419626,0.5952991452991453,2.1333333333333333
Ranger,KBM,Jungler,87.2,6.2,5.0,162.0,6319.2,147.2,2.2,1845.0,9556.4,4706.4,-17.0,0.8,44535.23844500535,51655.8,8121.4,51571.8,8.0,47.8,0.12785657988989835,0.018897402190630012,0.7302083333333333,2.6363636363636362
Ray,EDG,Toplaner,118.875,-0.3125,6.0,266.5,11721.25,2117.125,1.8125,1929.4375,12505.875,5114.0,245.875,2.75,26742.221866728287,56937.75,12285.375,59288.875,14.5625,41.125,0.20534401944150124,0.168051528205661,0.5469371019982433,4.827586206896552
Ray1,EDG,Toplaner,125.0,19.0,5.0,235.0,5502.0,561.0,0.0,1529.0,10278.0,5120.0,822.0,1.0,22767.449606387265,48905.0,16096.0,54077.0,20.0,23.0,0.11250383396380738,0.03485337972166998,0.3,6.0
Rekkles,FNC,ADC,142.28571428571428,6.642857142857143,7.0,321.7857142857143,17228.071428571428,8151.642857142857,0.8571428571428571,1831.7857142857142,14460.714285714286,5461.785714285715,133.0,3.7857142857142856,16159.250696862906,60627.642857142855,17030.714285714286,58644.857142857145,15.214285714285714,40.07142857142857,0.2830973470382861,0.4754921619129412,0.7059658265015408,12.583333333333334
Relic,INF,Toplaner,123.0,-15.0,3.875,261.375,9487.75,1692.25,2.5,2051.625,11502.5,4721.875,-683.5,1.25,21354.668047870993,63539.375,11696.5,57840.625,10.75,38.875,0.16002522524274898,0.22433696390974064,0.4580357142857143,2.05
Renyu,INF,ADC,138.0,-5.375,4.125,318.375,21115.375,5991.75,2.125,2051.625,14255.625,5540.625,-274.125,4.0,20892.44531821997,63539.375,11696.5,57840.625,10.75,44.75,0.324190306051529,0.46593115272517827,0.7476190476190476,3.823529411764706
Rich,ASC,Support,16.75,1.0,4.25,42.75,3609.75,55.0,4.0,1652.0,5832.25,3087.0,-364.5,0.5,21281.996963260706,39577.25,2669.5,43015.75,7.25,57.0,0.08923403082609009,0.013208453410182517,0.6369047619047619,1.1875
Rikara,100,ADC,128.16666666666666,-12.333333333333334,5.333333333333333,273.8333333333333,13457.0,4445.166666666667,3.0,1810.1666666666667,12019.0,5017.333333333333,-478.3333333333333,3.0,15390.387818814828,53414.166666666664,10672.333333333334,51642.5,12.333333333333334,29.666666666666668,0.21784722237454682,0.4288530483994554,0.6487328425734222,2.7777777777777777
Riyev,KBM,Support,16.4,-1.4,4.2,40.4,3363.8,496.6,2.6,1845.0,7200.4,3201.0,-154.0,0.6,20193.833012899737,51655.8,8121.4,51571.8,8.0,60.4,0.06979705486388581,0.05246457497540208,0.6135416666666667,1.8461538461538463
Rockky,ASC,Toplaner,129.25,-2.75,2.0,236.5,7736.5,751.25,2.25,1652.0,9510.0,4913.5,-426.5,1.25,31288.789483005272,39577.25,2669.5,43015.75,7.25,20.75,0.19142485524596536,0.14643388682870925,0.4087301587301587,1.4444444444444444
Rookie,IG,Midlaner,143.8,20.133333333333333,6.0,271.8,16676.4,2737.4,1.7333333333333334,1823.0666666666666,12712.2,5599.0,594.0,4.0,18207.869481434154,63423.8,16317.4,57907.26666666667,14.666666666666666,32.46666666666667,0.2644451573889218,0.14255133779936743,0.7080780820486703,5.769230769230769
Ruler,GEN,ADC,142.66666666666666,-1.0,2.8333333333333335,339.1666666666667,13416.5,3124.5,1.6666666666666667,1983.8333333333333,13138.5,5268.333333333333,30.833333333333332,1.5,11646.975037009377,49059.666666666664,7068.333333333333,54596.5,8.5,52.666666666666664,0.27260460904561307,0.419396629107447,0.4471380471380471,2.6
Ryu,100,Midlaner,126.16666666666667,-19.166666666666668,5.0,241.33333333333334,12394.833333333334,1352.3333333333333,3.3333333333333335,1810.1666666666667,10677.166666666666,5003.0,-643.5,2.0,16825.405566392397,53414.166666666664,10672.333333333334,51642.5,12.333333333333334,30.833333333333332,0.2461565594307004,0.09903898681156477,0.5883655394524959,2.1
Score,KT,Jungler,86.0909090909091,-0.2727272727272727,6.0,161.9090909090909,7829.909090909091,2226.909090909091,1.6363636363636365,1951.4545454545455,10564.363636363636,4975.636363636364,170.72727272727272,2.1818181818181817,42604.57939542651,50830.90909090909,15138.09090909091,57736.36363636364,10.818181818181818,46.72727272727273,0.15217568482221405,0.16402210215027563,0.7670315795315795,5.0
Scout,EDG,Midlaner,137.1764705882353,13.058823529411764,6.117647058823529,287.05882352941177,14965.941176470587,2413.529411764706,1.588235294117647,1905.8823529411766,13147.0,5654.235294117647,747.7058823529412,4.117647058823529,19873.745630313973,56465.23529411765,12509.529411764706,58982.294117647056,14.882352941176471,36.23529411764706,0.27355636403226036,0.21877968234244166,0.6679108863571779,6.444444444444445
Shernfire,DW,Jungler,77.5,-14.0,4.5,136.0,5499.5,0.0,5.0,1776.0,8737.5,4780.5,-1007.5,1.5,40759.871119804826,45616.5,821.0,46999.0,7.5,38.0,0.13160480435954872,0.0,0.8846153846153846,1.2
Slow,KLG,Support,20.25,0.0,3.5,51.75,4953.25,175.75,3.75,1809.5,6593.0,3209.0,-139.5,0.25,19328.087331486535,47820.5,4573.5,48630.0,8.0,57.0,0.11099175167724161,0.050652190616789536,0.5634469696969697,1.0
Smeb,KT,Toplaner,128.0,1.5454545454545454,4.7272727272727275,267.45454545454544,10387.636363636364,1987.1818181818182,1.8181818181818181,1951.4545454545455,11971.181818181818,5158.0,42.18181818181818,1.6363636363636365,25007.108599627718,50830.90909090909,15138.09090909091,57736.36363636364,10.818181818181818,37.18181818181818,0.20975547214372572,0.1940823533264446,0.606032856032856,3.5
Sneaky,C9,ADC,133.27272727272728,-3.4545454545454546,5.090909090909091,306.09090909090907,17884.409090909092,6658.272727272727,1.8636363636363635,1951.090909090909,14048.545454545454,5382.454545454545,7.818181818181818,3.3181818181818183,14224.143972046575,61538.818181818184,13739.59090909091,59090.09090909091,12.818181818181818,37.59090909090909,0.2848034101779327,0.4675037515952294,0.6472579600482078,4.512195121951219
SnowFlower,SUP,Support,14.11111111111111,0.7777777777777778,8.11111111111111,39.55555555555556,6400.0,930.4444444444445,3.0,1961.2222222222222,8140.222222222223,3260.222222222222,83.44444444444444,0.6666666666666666,23921.567035368746,57134.333333333336,12031.222222222223,56484.666666666664,10.555555555555555,81.55555555555556,0.11310820925366899,0.07368173776248449,0.7432454890788224,2.925925925925926
SolidSnake,INF,Jungler,89.25,2.75,6.0,174.0,10795.875,1308.125,3.625,2051.625,10904.5,5023.75,133.25,2.25,40845.311345001646,63539.375,11696.5,57840.625,10.75,52.625,0.16572139733743568,0.09525350751950219,0.8238095238095239,2.2758620689655173
Spirit,AFs,Jungler,85.42857142857143,1.0,4.714285714285714,164.57142857142858,6054.428571428572,1248.5714285714287,1.8571428571428572,2116.8571428571427,10022.142857142857,4755.714285714285,112.42857142857143,0.7142857142857143,38787.52247442073,51758.42857142857,11416.857142857143,59675.0,8.285714285714286,55.714285714285715,0.12231956383120653,0.0994604852409754,0.6482142857142857,2.923076923076923
Ssumday,100,Toplaner,130.0,10.333333333333334,5.333333333333333,263.0,12170.0,2043.5,2.6666666666666665,1810.1666666666667,11287.833333333334,5015.0,14.833333333333334,1.8333333333333333,30282.308431366433,53414.166666666664,10672.333333333334,51642.5,12.333333333333334,34.0,0.2505752957651972,0.24545784266117865,0.5777739437159727,2.6875
Steal,DFM,Jungler,84.625,-2.5,3.5,151.375,7916.125,1959.375,3.375,1875.875,9692.375,4874.375,-225.25,1.875,36945.39219088417,55787.0,10575.5,51690.0,8.375,52.625,0.13879661474231275,0.16236200198874182,0.7015289449112979,1.5925925925925926
Stitch,GRX,ADC,137.64285714285714,-1.3571428571428572,4.357142857142857,308.14285714285717,18659.428571428572,5651.071428571428,2.4285714285714284,1871.7857142857142,13641.07142857143,5287.214285714285,19.214285714285715,4.714285714285714,12944.47412935854,56269.142857142855,10254.642857142857,53271.642857142855,12.642857142857142,37.642857142857146,0.3175372576895361,0.5334893411352932,0.6912983175726432,3.735294117647059
Stomaged,SUP,Jungler,87.44444444444444,4.111111111111111,6.444444444444445,174.11111111111111,7217.0,1015.3333333333334,2.5555555555555554,1961.2222222222222,10534.0,4656.555555555556,-145.66666666666666,1.3333333333333333,31204.404748133493,57134.333333333336,12031.222222222223,56484.666666666664,10.555555555555555,53.77777777777778,0.12377911508545265,0.06651274710531434,0.7240265906932574,3.0434782608695654
Svenskeren,C9,Jungler,87.73333333333333,3.0,6.066666666666666,176.13333333333333,11678.6,2049.8,2.6,1930.9333333333334,11346.466666666667,4938.066666666667,140.73333333333332,3.3333333333333335,37097.7979474353,60355.53333333333,12490.066666666668,58380.933333333334,13.2,46.666666666666664,0.1941794124610025,0.17072409237901578,0.6900563059231789,3.6153846153846154
SwordArt,FW,Support,23.857142857142858,1.5714285714285714,7.571428571428571,65.28571428571429,4316.0,536.7142857142857,2.7142857142857144,2148.5714285714284,8340.0,3150.8571428571427,-24.714285714285715,0.2857142857142857,21881.69840234765,61106.142857142855,9994.714285714286,61015.857142857145,12.142857142857142,90.57142857142857,0.07386462756752077,0.06487479392706451,0.7469792112649255,2.8947368421052633
TheShy,IG,Toplaner,131.0,0.9,5.9,274.9,17992.0,4816.2,1.6,1816.1,13287.1,5294.7,111.2,2.9,21682.35573660789,68472.3,18447.7,59407.6,15.8,33.5,0.26280203514542466,0.31526879425249477,0.5554848093083387,5.5
Tierwulf,KLG,Jungler,84.25,4.0,4.5,155.75,6264.75,159.0,4.5,1809.5,9147.0,4816.5,107.75,1.5,33500.09682331364,47820.5,4573.5,48630.0,8.0,41.0,0.13404732983245282,0.02459016393442623,0.7930871212121212,1.3333333333333333
Titan,KBM,ADC,143.6,3.4,3.4,303.8,17167.8,4050.6,2.4,1845.0,12524.2,5463.2,9.2,2.4,18479.652652210018,51655.8,8121.4,51571.8,8.0,44.6,0.312514296189552,0.6268023189893188,0.7520833333333333,2.4166666666666665
Triple,DW,Midlaner,127.5,-6.0,4.5,282.25,13899.25,2223.5,3.5,1898.0,11604.0,5074.25,-703.75,1.75,12936.03426373277,49219.5,7500.25,53190.75,7.75,39.0,0.278120568186677,0.248836429002244,0.7373321123321124,1.7857142857142858
TusiN,AFs,Support,20.444444444444443,1.1111111111111112,5.777777777777778,50.0,3885.777777777778,560.5555555555555,2.2222222222222223,2021.111111111111,7624.777777777777,3184.8888888888887,-36.0,0.2222222222222222,18460.640106931125,50320.88888888889,12449.777777777777,58186.22222222222,9.0,87.88888888888889,0.07766597144865464,0.0531258020253692,0.6927188552188553,2.7
UDYSOF,DW,Jungler,83.0,0.5,4.0,161.5,5274.0,1782.5,2.0,2020.0,10474.5,4286.5,-490.0,1.5,30447.32794856256,52822.5,14179.5,59382.5,8.0,49.5,0.10803669851034928,0.20546917510631754,0.7063492063492063,2.75
Ucal,KT,Midlaner,134.36363636363637,-11.363636363636363,4.363636363636363,288.90909090909093,11617.727272727272,3527.4545454545455,1.9090909090909092,1951.4545454545455,12744.363636363636,5334.454545454545,-83.18181818181819,2.909090909090909,20792.08018083314,50830.90909090909,15138.09090909091,57736.36363636364,10.818181818181818,41.63636363636363,0.22888680532931865,0.23573837387076865,0.6376678876678876,3.8095238095238093
Uniboy,MAD,Midlaner,147.83333333333334,-3.5,2.5,307.6666666666667,12389.0,756.8333333333334,3.0,2036.0,11779.333333333334,5355.333333333333,-246.16666666666666,1.0,10978.871494177121,54097.333333333336,2661.1666666666665,52094.833333333336,5.333333333333333,41.333333333333336,0.2591533513685492,0.23517943727745372,0.5615079365079364,1.1666666666666667
Uzi,RNG,ADC,147.75,21.5,3.4166666666666665,348.8333333333333,15587.833333333334,7539.333333333333,1.4166666666666667,1874.3333333333333,14498.333333333334,5872.0,749.8333333333334,3.4166666666666665,20940.652049484346,51838.666666666664,13926.75,54413.333333333336,10.083333333333334,43.833333333333336,0.29965447902206493,0.5424956639745949,0.7233866566296907,4.823529411764706
Wadid,G2,Support,19.583333333333332,-1.7916666666666667,7.833333333333333,45.791666666666664,3906.9583333333335,329.9583333333333,2.25,2032.7916666666667,8069.458333333333,3200.125,59.166666666666664,0.4583333333333333,22358.833757589327,63335.333333333336,14191.0,62141.083333333336,12.375,87.0,0.06528333820028458,0.038977538258126346,0.6931194557624764,3.685185185185185
Wunder,G2,Toplaner,139.5,12.208333333333334,3.4583333333333335,328.0833333333333,15382.208333333334,3265.5833333333335,1.875,2032.7916666666667,14197.666666666666,5322.458333333333,419.5833333333333,3.1666666666666665,19979.840431440825,63335.333333333336,14191.0,62141.083333333336,12.375,38.708333333333336,0.24353425333679937,0.19712144026230016,0.49987743393778855,3.533333333333333
Xiaohu,RNG,Midlaner,136.58333333333334,-7.666666666666667,5.083333333333333,273.5,12928.666666666666,1896.0,1.9166666666666667,1874.3333333333333,11673.916666666666,5245.25,-198.25,2.0833333333333335,14635.356130433227,51838.666666666664,13926.75,54413.333333333336,10.083333333333334,33.833333333333336,0.23193172163643228,0.11839813166725825,0.726353725966729,3.739130434782609
Xmithie,TL,Jungler,95.5,6.0,4.166666666666667,185.0,7399.0,510.1666666666667,2.1666666666666665,1919.8333333333333,10698.666666666666,4908.166666666667,19.666666666666668,1.6666666666666667,47494.20872625507,46702.333333333336,14820.833333333334,57015.666666666664,8.5,45.833333333333336,0.1601427616188498,0.035105389774441546,0.6970085470085471,2.6923076923076925
XuHao,PVB,Jungler,95.0,14.0,14.0,264.0,21417.0,2541.0,6.0,2517.0,16927.0,6028.0,-56.0,5.0,50359.934445595565,131986.0,19668.0,86101.0,23.0,98.0,0.1622672101586532,0.12919463087248323,0.8260869565217391,3.1666666666666665
Yutapon,DFM,ADC,135.875,-6.625,3.0,295.0,15696.625,3916.625,2.375,1875.875,13026.5,5348.625,-401.5,3.0,18851.61161716131,55787.0,10575.5,51690.0,8.375,28.625,0.27326141783346797,0.4352496943998567,0.6194211017740429,2.526315789473684
Zantins,KBM,Toplaner,122.6,-8.2,2.0,257.0,10083.4,2110.2,3.2,1845.0,10974.0,4824.2,-202.4,1.6,20299.44855921092,51655.8,8121.4,51571.8,8.0,32.4,0.2028129537992211,0.19526841847259807,0.41041666666666665,1.125
Zeitnot,SUP,ADC,143.33333333333334,10.11111111111111,4.0,340.55555555555554,18001.444444444445,6669.444444444444,2.0,1961.2222222222222,14356.444444444445,5407.777777777777,195.22222222222223,4.333333333333333,15001.080261332694,57134.333333333336,12031.222222222223,56484.666666666664,10.555555555555555,34.666666666666664,0.31096608529220765,0.6250156893246981,0.7999169040835707,4.166666666666667
Zeros,PVB,Toplaner,140.66666666666666,11.166666666666666,4.166666666666667,332.1666666666667,17958.666666666668,3496.1666666666665,4.333333333333333,2112.0,14081.5,5600.833333333333,552.8333333333334,1.8333333333333333,23593.498515779793,65667.16666666667,11473.666666666666,61951.333333333336,9.333333333333334,42.166666666666664,0.27978829923922777,0.3435922221631085,0.7583031400966184,1.3846153846153846
Zeyzal,C9,Support,18.318181818181817,4.0,8.545454545454545,45.27272727272727,4712.045454545455,677.7272727272727,2.590909090909091,1951.090909090909,8084.0,3294.4545454545455,91.5909090909091,0.6363636363636364,18613.36919502714,61538.818181818184,13739.59090909091,59090.09090909091,12.818181818181818,76.45454545454545,0.07883088888100533,0.05274670683439676,0.6837928153717627,3.543859649122807
aphromoo,100,Support,17.833333333333332,3.8333333333333335,8.5,36.166666666666664,4489.333333333333,469.5,2.3333333333333335,1810.1666666666667,7105.166666666667,3198.0,18.666666666666668,0.6666666666666666,24330.596677646186,53414.166666666664,10672.333333333334,51642.5,12.333333333333334,72.5,0.08978895081134695,0.03183189502810293,0.7415171382562686,3.9285714285714284
baybay,GRX,Jungler,80.66666666666667,2.0,2.0,148.0,8839.333333333334,376.0,3.6666666666666665,1808.6666666666667,8761.666666666666,4449.333333333333,-114.33333333333333,1.0,36343.20776690974,51885.666666666664,2352.3333333333335,45736.333333333336,6.333333333333333,32.666666666666664,0.18678341187642666,0.1317141522652966,0.6,0.8181818181818182
dyNquedo,KBM,Midlaner,143.8,-0.2,2.0,271.6,14721.6,1316.8,1.8,1845.0,11316.8,5162.0,-87.6,2.6,12890.031122305707,51655.8,8121.4,51571.8,8.0,31.4,0.2870191152574427,0.10656728537205096,0.5614583333333334,2.5555555555555554
fabFabulous,SUP,Toplaner,124.22222222222223,-12.444444444444445,4.777777777777778,241.77777777777777,11437.333333333334,1151.7777777777778,1.6666666666666667,1961.2222222222222,11105.666666666666,4909.333333333333,-217.88888888888889,1.5555555555555556,17728.768757427544,57134.333333333336,12031.222222222223,56484.666666666664,10.555555555555555,35.111111111111114,0.20542663568292324,0.0689108469071437,0.6443613485280152,3.8
iBoy,EDG,ADC,142.23529411764707,7.0588235294117645,5.647058823529412,325.1764705882353,17330.176470588234,5531.470588235294,1.588235294117647,1905.8823529411766,14521.058823529413,5852.588235294118,448.52941176470586,4.470588235294118,22635.544270019782,56465.23529411765,12509.529411764706,58982.294117647056,14.882352941176471,49.529411764705884,0.2922572745932379,0.4122405667615431,0.6568394946911571,6.37037037037037
k1ng,DW,ADC,146.0,-4.25,3.75,323.5,15775.25,3705.75,3.25,1898.0,12978.75,5430.0,-272.25,2.25,20873.226991279793,49219.5,7500.25,53190.75,7.75,43.75,0.31554337262650434,0.5448792198939407,0.7345848595848595,1.8461538461538463
sOAZ,FNC,Toplaner,126.0,-12.0,7.333333333333333,215.33333333333334,13660.666666666666,1568.3333333333333,2.0,1735.3333333333333,10325.333333333334,5017.333333333333,87.33333333333333,1.3333333333333333,31654.77861188338,49491.333333333336,14641.666666666666,53791.666666666664,13.0,30.0,0.2770761665024973,0.1213029348073622,0.6980820105820106,4.333333333333333
viviD,DFM,Support,18.75,5.125,5.0,45.25,4253.125,483.5,3.125,1875.875,7269.875,3270.0,-181.125,0.5,21081.859823250048,55787.0,10575.5,51690.0,8.375,71.0,0.07583835663368499,0.04952733020810344,0.574906629318394,1.76
